<?xml version="1.0" encoding="utf-8"?>
<odoo>
	<data>
		<record id="paper_format_inventory_all" model="report.paperformat">
			<field name="name">Inventory All A4</field>
			<field name="default" eval="True"/>
			<field name="format">A4</field>
			<field name="page_height">0</field>
			<field name="page_width">0</field>
			<field name="orientation">Landscape</field>
			<field name="margin_top">28</field>
			<field name="margin_bottom">28</field>
			<field name="margin_left">7</field>
			<field name="margin_right">7</field>
			<field name="header_line" eval="False"/>
			<field name="header_spacing">24</field>
			<field name="dpi">90</field>




		</record>


	</data>
</odoo>